Team Link overview,Team Link stats,Team Link matches,Team Link news,Team Link transactions
https://www.vlr.gg/team/2593/fnatic,https://www.vlr.gg/team/stats/2593/fnatic,https://www.vlr.gg/team/matches/2593/fnatic,https://www.vlr.gg/team/news/2593/fnatic,https://www.vlr.gg/team/transactions/2593/fnatic
https://www.vlr.gg/team/4915/natus-vincere,https://www.vlr.gg/team/stats/4915/natus-vincere,https://www.vlr.gg/team/matches/4915/natus-vincere,https://www.vlr.gg/team/news/4915/natus-vincere,https://www.vlr.gg/team/transactions/4915/natus-vincere
https://www.vlr.gg/team/2755/saw,https://www.vlr.gg/team/stats/2755/saw,https://www.vlr.gg/team/matches/2755/saw,https://www.vlr.gg/team/news/2755/saw,https://www.vlr.gg/team/transactions/2755/saw
https://www.vlr.gg/team/474/team-liquid,https://www.vlr.gg/team/stats/474/team-liquid,https://www.vlr.gg/team/matches/474/team-liquid,https://www.vlr.gg/team/news/474/team-liquid,https://www.vlr.gg/team/transactions/474/team-liquid
https://www.vlr.gg/team/11479/apeks,https://www.vlr.gg/team/stats/11479/apeks,https://www.vlr.gg/team/matches/11479/apeks,https://www.vlr.gg/team/news/11479/apeks,https://www.vlr.gg/team/transactions/11479/apeks
https://www.vlr.gg/team/11001/m80,https://www.vlr.gg/team/stats/11001/m80,https://www.vlr.gg/team/matches/11001/m80,https://www.vlr.gg/team/news/11001/m80,https://www.vlr.gg/team/transactions/11001/m80
https://www.vlr.gg/team/1034/nrg-esports,https://www.vlr.gg/team/stats/1034/nrg-esports,https://www.vlr.gg/team/matches/1034/nrg-esports,https://www.vlr.gg/team/news/1034/nrg-esports,https://www.vlr.gg/team/transactions/1034/nrg-esports
https://www.vlr.gg/team/6675/the-guard,https://www.vlr.gg/team/stats/6675/the-guard,https://www.vlr.gg/team/matches/6675/the-guard,https://www.vlr.gg/team/news/6675/the-guard,https://www.vlr.gg/team/transactions/6675/the-guard
https://www.vlr.gg/team/188/cloud9,https://www.vlr.gg/team/stats/188/cloud9,https://www.vlr.gg/team/matches/188/cloud9,https://www.vlr.gg/team/news/188/cloud9,https://www.vlr.gg/team/transactions/188/cloud9
https://www.vlr.gg/team/120/100-thieves,https://www.vlr.gg/team/stats/120/100-thieves,https://www.vlr.gg/team/matches/120/100-thieves,https://www.vlr.gg/team/news/120/100-thieves,https://www.vlr.gg/team/transactions/120/100-thieves
https://www.vlr.gg/team/6961/loud,https://www.vlr.gg/team/stats/6961/loud,https://www.vlr.gg/team/matches/6961/loud,https://www.vlr.gg/team/news/6961/loud,https://www.vlr.gg/team/transactions/6961/loud
https://www.vlr.gg/team/9447/the-union,https://www.vlr.gg/team/stats/9447/the-union,https://www.vlr.gg/team/matches/9447/the-union,https://www.vlr.gg/team/news/9447/the-union,https://www.vlr.gg/team/transactions/9447/the-union
https://www.vlr.gg/team/2406/furia,https://www.vlr.gg/team/stats/2406/furia,https://www.vlr.gg/team/matches/2406/furia,https://www.vlr.gg/team/news/2406/furia,https://www.vlr.gg/team/transactions/2406/furia
https://www.vlr.gg/team/11997/vitimas-do-rdo,https://www.vlr.gg/team/stats/11997/vitimas-do-rdo,https://www.vlr.gg/team/matches/11997/vitimas-do-rdo,https://www.vlr.gg/team/news/11997/vitimas-do-rdo,https://www.vlr.gg/team/transactions/11997/vitimas-do-rdo
https://www.vlr.gg/team/11882/mixx,https://www.vlr.gg/team/stats/11882/mixx,https://www.vlr.gg/team/matches/11882/mixx,https://www.vlr.gg/team/news/11882/mixx,https://www.vlr.gg/team/transactions/11882/mixx
https://www.vlr.gg/team/624/paper-rex,https://www.vlr.gg/team/stats/624/paper-rex,https://www.vlr.gg/team/matches/624/paper-rex,https://www.vlr.gg/team/news/624/paper-rex,https://www.vlr.gg/team/transactions/624/paper-rex
https://www.vlr.gg/team/6387/bleed,https://www.vlr.gg/team/stats/6387/bleed,https://www.vlr.gg/team/matches/6387/bleed,https://www.vlr.gg/team/news/6387/bleed,https://www.vlr.gg/team/transactions/6387/bleed
https://www.vlr.gg/team/4210/made-in-thailand,https://www.vlr.gg/team/stats/4210/made-in-thailand,https://www.vlr.gg/team/matches/4210/made-in-thailand,https://www.vlr.gg/team/news/4210/made-in-thailand,https://www.vlr.gg/team/transactions/4210/made-in-thailand
https://www.vlr.gg/team/8904/orangutan,https://www.vlr.gg/team/stats/8904/orangutan,https://www.vlr.gg/team/matches/8904/orangutan,https://www.vlr.gg/team/news/8904/orangutan,https://www.vlr.gg/team/transactions/8904/orangutan
https://www.vlr.gg/team/4330/fancy-united-esports,https://www.vlr.gg/team/stats/4330/fancy-united-esports,https://www.vlr.gg/team/matches/4330/fancy-united-esports,https://www.vlr.gg/team/news/4330/fancy-united-esports,https://www.vlr.gg/team/transactions/4330/fancy-united-esports
https://www.vlr.gg/team/8185/drx,https://www.vlr.gg/team/stats/8185/drx,https://www.vlr.gg/team/matches/8185/drx,https://www.vlr.gg/team/news/8185/drx,https://www.vlr.gg/team/transactions/8185/drx
https://www.vlr.gg/team/11348/dplus-esports,https://www.vlr.gg/team/stats/11348/dplus-esports,https://www.vlr.gg/team/matches/11348/dplus-esports,https://www.vlr.gg/team/news/11348/dplus-esports,https://www.vlr.gg/team/transactions/11348/dplus-esports
https://www.vlr.gg/team/14/t1,https://www.vlr.gg/team/stats/14/t1,https://www.vlr.gg/team/matches/14/t1,https://www.vlr.gg/team/news/14/t1,https://www.vlr.gg/team/transactions/14/t1
https://www.vlr.gg/team/17/gen-g,https://www.vlr.gg/team/stats/17/gen-g,https://www.vlr.gg/team/matches/17/gen-g,https://www.vlr.gg/team/news/17/gen-g,https://www.vlr.gg/team/transactions/17/gen-g
https://www.vlr.gg/team/11707/gwangju-shadow,https://www.vlr.gg/team/stats/11707/gwangju-shadow,https://www.vlr.gg/team/matches/11707/gwangju-shadow,https://www.vlr.gg/team/news/11707/gwangju-shadow,https://www.vlr.gg/team/transactions/11707/gwangju-shadow
https://www.vlr.gg/team/1120/edward-gaming,https://www.vlr.gg/team/stats/1120/edward-gaming,https://www.vlr.gg/team/matches/1120/edward-gaming,https://www.vlr.gg/team/news/1120/edward-gaming,https://www.vlr.gg/team/transactions/1120/edward-gaming
https://www.vlr.gg/team/1837/attacking-soul-esports,https://www.vlr.gg/team/stats/1837/attacking-soul-esports,https://www.vlr.gg/team/matches/1837/attacking-soul-esports,https://www.vlr.gg/team/news/1837/attacking-soul-esports,https://www.vlr.gg/team/transactions/1837/attacking-soul-esports
https://www.vlr.gg/team/12010/bilibili-gaming,https://www.vlr.gg/team/stats/12010/bilibili-gaming,https://www.vlr.gg/team/matches/12010/bilibili-gaming,https://www.vlr.gg/team/news/12010/bilibili-gaming,https://www.vlr.gg/team/transactions/12010/bilibili-gaming
https://www.vlr.gg/team/11328/funplus-phoenix,https://www.vlr.gg/team/stats/11328/funplus-phoenix,https://www.vlr.gg/team/matches/11328/funplus-phoenix,https://www.vlr.gg/team/news/11328/funplus-phoenix,https://www.vlr.gg/team/transactions/11328/funplus-phoenix
https://www.vlr.gg/team/1211/totoro-gaming,https://www.vlr.gg/team/stats/1211/totoro-gaming,https://www.vlr.gg/team/matches/1211/totoro-gaming,https://www.vlr.gg/team/news/1211/totoro-gaming,https://www.vlr.gg/team/transactions/1211/totoro-gaming
https://www.vlr.gg/team/282/scarz,https://www.vlr.gg/team/stats/282/scarz,https://www.vlr.gg/team/matches/282/scarz,https://www.vlr.gg/team/news/282/scarz,https://www.vlr.gg/team/transactions/282/scarz
https://www.vlr.gg/team/5448/zeta-division,https://www.vlr.gg/team/stats/5448/zeta-division,https://www.vlr.gg/team/matches/5448/zeta-division,https://www.vlr.gg/team/news/5448/zeta-division,https://www.vlr.gg/team/transactions/5448/zeta-division
https://www.vlr.gg/team/6793/jadeite,https://www.vlr.gg/team/stats/6793/jadeite,https://www.vlr.gg/team/matches/6793/jadeite,https://www.vlr.gg/team/news/6793/jadeite,https://www.vlr.gg/team/transactions/6793/jadeite
https://www.vlr.gg/team/277/crazy-raccoon,https://www.vlr.gg/team/stats/277/crazy-raccoon,https://www.vlr.gg/team/matches/277/crazy-raccoon,https://www.vlr.gg/team/news/277/crazy-raccoon,https://www.vlr.gg/team/transactions/277/crazy-raccoon
https://www.vlr.gg/team/2934/fennel,https://www.vlr.gg/team/stats/2934/fennel,https://www.vlr.gg/team/matches/2934/fennel,https://www.vlr.gg/team/news/2934/fennel,https://www.vlr.gg/team/transactions/2934/fennel
https://www.vlr.gg/team/2359/leviat-n,https://www.vlr.gg/team/stats/2359/leviat-n,https://www.vlr.gg/team/matches/2359/leviat-n,https://www.vlr.gg/team/news/2359/leviat-n,https://www.vlr.gg/team/transactions/2359/leviat-n
https://www.vlr.gg/team/367/9z-team,https://www.vlr.gg/team/stats/367/9z-team,https://www.vlr.gg/team/matches/367/9z-team,https://www.vlr.gg/team/news/367/9z-team,https://www.vlr.gg/team/transactions/367/9z-team
https://www.vlr.gg/team/364/all-knights,https://www.vlr.gg/team/stats/364/all-knights,https://www.vlr.gg/team/matches/364/all-knights,https://www.vlr.gg/team/news/364/all-knights,https://www.vlr.gg/team/transactions/364/all-knights
https://www.vlr.gg/team/9427/oxen,https://www.vlr.gg/team/stats/9427/oxen,https://www.vlr.gg/team/matches/9427/oxen,https://www.vlr.gg/team/news/9427/oxen,https://www.vlr.gg/team/transactions/9427/oxen
https://www.vlr.gg/team/363/infinity,https://www.vlr.gg/team/stats/363/infinity,https://www.vlr.gg/team/matches/363/infinity,https://www.vlr.gg/team/news/363/infinity,https://www.vlr.gg/team/transactions/363/infinity
https://www.vlr.gg/team/7269/fusion,https://www.vlr.gg/team/stats/7269/fusion,https://www.vlr.gg/team/matches/7269/fusion,https://www.vlr.gg/team/news/7269/fusion,https://www.vlr.gg/team/transactions/7269/fusion
https://www.vlr.gg/team/4094/six-karma,https://www.vlr.gg/team/stats/4094/six-karma,https://www.vlr.gg/team/matches/4094/six-karma,https://www.vlr.gg/team/news/4094/six-karma,https://www.vlr.gg/team/transactions/4094/six-karma
https://www.vlr.gg/team/2131/chivas-esports,https://www.vlr.gg/team/stats/2131/chivas-esports,https://www.vlr.gg/team/matches/2131/chivas-esports,https://www.vlr.gg/team/news/2131/chivas-esports,https://www.vlr.gg/team/transactions/2131/chivas-esports
https://www.vlr.gg/team/12882/505,https://www.vlr.gg/team/stats/12882/505,https://www.vlr.gg/team/matches/12882/505,https://www.vlr.gg/team/news/12882/505,https://www.vlr.gg/team/transactions/12882/505
https://www.vlr.gg/team/3125/funkboings,https://www.vlr.gg/team/stats/3125/funkboings,https://www.vlr.gg/team/matches/3125/funkboings,https://www.vlr.gg/team/news/3125/funkboings,https://www.vlr.gg/team/transactions/3125/funkboings
https://www.vlr.gg/team/7313/bonkers,https://www.vlr.gg/team/stats/7313/bonkers,https://www.vlr.gg/team/matches/7313/bonkers,https://www.vlr.gg/team/news/7313/bonkers,https://www.vlr.gg/team/transactions/7313/bonkers
https://www.vlr.gg/team/12373/nerdpunt,https://www.vlr.gg/team/stats/12373/nerdpunt,https://www.vlr.gg/team/matches/12373/nerdpunt,https://www.vlr.gg/team/news/12373/nerdpunt,https://www.vlr.gg/team/transactions/12373/nerdpunt
https://www.vlr.gg/team/1319/funcrew,https://www.vlr.gg/team/stats/1319/funcrew,https://www.vlr.gg/team/matches/1319/funcrew,https://www.vlr.gg/team/news/1319/funcrew,https://www.vlr.gg/team/transactions/1319/funcrew
https://www.vlr.gg/team/10298/xyz,https://www.vlr.gg/team/stats/10298/xyz,https://www.vlr.gg/team/matches/10298/xyz,https://www.vlr.gg/team/news/10298/xyz,https://www.vlr.gg/team/transactions/10298/xyz
https://www.vlr.gg/team/6192/trident-esports,https://www.vlr.gg/team/stats/6192/trident-esports,https://www.vlr.gg/team/matches/6192/trident-esports,https://www.vlr.gg/team/news/6192/trident-esports,https://www.vlr.gg/team/transactions/6192/trident-esports
https://www.vlr.gg/team/1471/team-raad,https://www.vlr.gg/team/stats/1471/team-raad,https://www.vlr.gg/team/matches/1471/team-raad,https://www.vlr.gg/team/news/1471/team-raad,https://www.vlr.gg/team/transactions/1471/team-raad
https://www.vlr.gg/team/7969/team-falcons,https://www.vlr.gg/team/stats/7969/team-falcons,https://www.vlr.gg/team/matches/7969/team-falcons,https://www.vlr.gg/team/news/7969/team-falcons,https://www.vlr.gg/team/transactions/7969/team-falcons
https://www.vlr.gg/team/1470/nasr-esports,https://www.vlr.gg/team/stats/1470/nasr-esports,https://www.vlr.gg/team/matches/1470/nasr-esports,https://www.vlr.gg/team/news/1470/nasr-esports,https://www.vlr.gg/team/transactions/1470/nasr-esports
https://www.vlr.gg/team/6193/geekay-esports,https://www.vlr.gg/team/stats/6193/geekay-esports,https://www.vlr.gg/team/matches/6193/geekay-esports,https://www.vlr.gg/team/news/6193/geekay-esports,https://www.vlr.gg/team/transactions/6193/geekay-esports
https://www.vlr.gg/team/9545/unity-esports,https://www.vlr.gg/team/stats/9545/unity-esports,https://www.vlr.gg/team/matches/9545/unity-esports,https://www.vlr.gg/team/news/9545/unity-esports,https://www.vlr.gg/team/transactions/9545/unity-esports
https://www.vlr.gg/team/6530/g2-gozen,https://www.vlr.gg/team/stats/6530/g2-gozen,https://www.vlr.gg/team/matches/6530/g2-gozen,https://www.vlr.gg/team/news/6530/g2-gozen,https://www.vlr.gg/team/transactions/6530/g2-gozen
https://www.vlr.gg/team/4837/shopify-rebellion-gc,https://www.vlr.gg/team/stats/4837/shopify-rebellion-gc,https://www.vlr.gg/team/matches/4837/shopify-rebellion-gc,https://www.vlr.gg/team/news/4837/shopify-rebellion-gc,https://www.vlr.gg/team/transactions/4837/shopify-rebellion-gc
https://www.vlr.gg/team/9284/acend-rising,https://www.vlr.gg/team/stats/9284/acend-rising,https://www.vlr.gg/team/matches/9284/acend-rising,https://www.vlr.gg/team/news/9284/acend-rising,https://www.vlr.gg/team/transactions/9284/acend-rising
https://www.vlr.gg/team/6263/guild-x,https://www.vlr.gg/team/stats/6263/guild-x,https://www.vlr.gg/team/matches/6263/guild-x,https://www.vlr.gg/team/news/6263/guild-x,https://www.vlr.gg/team/transactions/6263/guild-x
https://www.vlr.gg/team/8240/team-smg-gc,https://www.vlr.gg/team/stats/8240/team-smg-gc,https://www.vlr.gg/team/matches/8240/team-smg-gc,https://www.vlr.gg/team/news/8240/team-smg-gc,https://www.vlr.gg/team/transactions/8240/team-smg-gc
https://www.vlr.gg/team/10533/northwood-university,https://www.vlr.gg/team/stats/10533/northwood-university,https://www.vlr.gg/team/matches/10533/northwood-university,https://www.vlr.gg/team/news/10533/northwood-university,https://www.vlr.gg/team/transactions/10533/northwood-university
https://www.vlr.gg/team/10448/winthrop-university,https://www.vlr.gg/team/stats/10448/winthrop-university,https://www.vlr.gg/team/matches/10448/winthrop-university,https://www.vlr.gg/team/news/10448/winthrop-university,https://www.vlr.gg/team/transactions/10448/winthrop-university
https://www.vlr.gg/team/10479/fisher-college-navy,https://www.vlr.gg/team/stats/10479/fisher-college-navy,https://www.vlr.gg/team/matches/10479/fisher-college-navy,https://www.vlr.gg/team/news/10479/fisher-college-navy,https://www.vlr.gg/team/transactions/10479/fisher-college-navy
https://www.vlr.gg/team/9558/oc-esports,https://www.vlr.gg/team/stats/9558/oc-esports,https://www.vlr.gg/team/matches/9558/oc-esports,https://www.vlr.gg/team/news/9558/oc-esports,https://www.vlr.gg/team/transactions/9558/oc-esports
https://www.vlr.gg/team/9613/blinn-esports,https://www.vlr.gg/team/stats/9613/blinn-esports,https://www.vlr.gg/team/matches/9613/blinn-esports,https://www.vlr.gg/team/news/9613/blinn-esports,https://www.vlr.gg/team/transactions/9613/blinn-esports
